Working,0.47332048416137695,0.6855589151382446,-1.201709270477295,0.504991352558136,0.603366494178772,-1.1634162664413452,0.5228644609451294,0.5993732213973999,-1.1634987592697144,0.5419950485229492,0.5961921215057373,-1.163881778717041,0.4367293417453766,0.6054931879043579,-1.166803240776062,0.4123477339744568,0.6031039953231812,-1.1658663749694824,0.39093145728111267,0.6013723611831665,-1.1661590337753296,0.5760618448257446,0.6100789308547974,-0.7144717574119568,0.36578845977783203,0.6150480508804321,-0.7043243646621704,0.5072067975997925,0.7538870573043823,-1.0148910284042358,0.43130335211753845,0.759185791015625,-1.012598991394043,0.7125629186630249,0.9082883596420288,-0.34193795919418335,0.2371864765882492,0.8886061310768127,-0.4128737449645996,0.800654411315918,1.3080956935882568,-0.2118220031261444,0.13063812255859375,1.3258366584777832,-0.38811036944389343,0.7848904132843018,1.663758635520935,-0.5527793169021606,0.11275672912597656,1.6307694911956787,-0.979210376739502,0.8138738870620728,1.7816928625106812,-0.6605849862098694,0.11063339561223984,1.7567307949066162,-1.1344237327575684,0.7752927541732788,1.7849433422088623,-0.7551001906394958,0.15469858050346375,1.7503365278244019,-1.233554482460022,0.751956582069397,1.741139531135559,-0.6120650172233582,0.17606675624847412,1.7058500051498413,-1.042129635810852,0.6238350868225098,1.6868618726730347,-0.04155255854129791,0.2997033894062042,1.6883158683776855,0.04707677289843559,0.6129546761512756,2.3955883979797363,0.003753806697204709,0.31033211946487427,2.394104480743408,0.048554204404354095,0.6236611008644104,3.042174816131592,0.6623340249061584,0.340681254863739,3.0380237102508545,0.47827595472335815,0.6315468549728394,3.1445744037628174,0.6906642913818359,0.3412424325942993,3.1361334323883057,0.498995304107666,0.5754629373550415,3.242314100265503,0.0025261116679757833,0.39179205894470215,3.239494800567627,-0.26099544763565063
Working,0.47402119636535645,0.6819978952407837,-1.175779938697815,0.505062997341156,0.598362386226654,-1.136635184288025,0.5228825211524963,0.5950247049331665,-1.1368387937545776,0.5419737100601196,0.5925319790840149,-1.1371690034866333,0.4373229444026947,0.6028855443000793,-1.1393767595291138,0.4134751260280609,0.601927638053894,-1.1387022733688354,0.39246147871017456,0.6011420488357544,-1.1391355991363525,0.5751620531082153,0.6080132126808167,-0.7001792192459106,0.3685801923274994,0.6138866543769836,-0.6880291700363159,0.5078738331794739,0.7513499855995178,-0.9963501691818237,0.4344615340232849,0.757859468460083,-0.9933547973632812,0.7067074775695801,0.9083277583122253,-0.3292473256587982,0.24196243286132812,0.8848837018013,-0.40517839789390564,0.789926290512085,1.2878367900848389,-0.18302299082279205,0.13846226036548615,1.2938615083694458,-0.2982337474822998,0.7801663279533386,1.5934721231460571,-0.5099607706069946,0.1320260465145111,1.624974012374878,-0.7413742542266846,0.8065398931503296,1.7030175924301147,-0.6073533296585083,0.11133529245853424,1.7464070320129395,-0.8681971430778503,0.7724782824516296,1.696321964263916,-0.6972049474716187,0.15504086017608643,1.7436301708221436,-0.9749994277954102,0.7503817081451416,1.6526845693588257,-0.5669573545455933,0.17664526402950287,1.6975170373916626,-0.8021906018257141,0.6207618117332458,1.6828014850616455,-0.0431944914162159,0.3018779754638672,1.6799594163894653,0.04842495918273926,0.6118896007537842,2.356175422668457,-0.1055336594581604,0.3145212233066559,2.3483164310455322,0.03273366764187813,0.6198432445526123,2.974902868270874,0.44424691796302795,0.3422325551509857,2.962543487548828,0.36889880895614624,0.627974271774292,3.072981119155884,0.4626002311706543,0.3417366147041321,3.059382438659668,0.3803953528404236,0.5697168111801147,3.1663966178894043,-0.19629697501659393,0.39290398359298706,3.1508915424346924,-0.32634100317955017
Working,0.47442522644996643,0.6817077398300171,-1.1776808500289917,0.5052289962768555,0.5975658297538757,-1.139196515083313,0.5230532288551331,0.594481348991394,-1.1393837928771973,0.5421125888824463,0.5922613739967346,-1.139717698097229,0.43750590085983276,0.6026671528816223,-1.1414388418197632,0.4138265550136566,0.6019238233566284,-1.1407731771469116,0.3930390179157257,0.6013181805610657,-1.1412036418914795,0.5751526355743408,0.6080325245857239,-0.7080514430999756,0.37019044160842896,0.6134399771690369,-0.6883441209793091,0.5083060264587402,0.7513357996940613,-0.9973068237304688,0.43612465262413025,0.7578432559967041,-0.9947425723075867,0.7035920023918152,0.908982515335083,-0.3365243077278137,0.2457846850156784,0.8815328478813171,-0.40524086356163025,0.7867695689201355,1.274091362953186,-0.20301643013954163,0.1383959949016571,1.278900384902954,-0.2732262909412384,0.7766181230545044,1.5522760152816772,-0.5552043914794922,0.13157162070274353,1.620058298110962,-0.6858330965042114,0.8004261255264282,1.6572774648666382,-0.6496204137802124,0.10697048902511597,1.7384666204452515,-0.8064143061637878,0.768390417098999,1.6452877521514893,-0.732498288154602,0.1497678905725479,1.738110065460205,-0.9113377332687378,0.7479361891746521,1.6022552251815796,-0.6098411679267883,0.17207886278629303,1.6912286281585693,-0.7453147172927856,0.6176897287368774,1.6812080144882202,-0.04471670463681221,0.30285677313804626,1.6751530170440674,0.04973813518881798,0.6093135476112366,2.3440001010894775,-0.1435716599225998,0.3154444396495819,2.3342599868774414,0.02468467317521572,0.6159614324569702,2.9572713375091553,0.3853122591972351,0.3430135250091553,2.9424548149108887,0.3291323781013489,0.6244106888771057,3.0559277534484863,0.40276455879211426,0.34200119972229004,3.0387933254241943,0.3375861346721649,0.5647362470626831,3.145726442337036,-0.2516566216945648,0.39366862177848816,3.130765676498413,-0.3549383282661438
Working,0.474553644657135,0.6804887056350708,-1.1790001392364502,0.5052334070205688,0.5961682796478271,-1.1409035921096802,0.5230668783187866,0.5932840704917908,-1.141078233718872,0.5421125888824463,0.5912961959838867,-1.141413927078247,0.437508761882782,0.6020238399505615,-1.1432363986968994,0.41387104988098145,0.6017302870750427,-1.142533302307129,0.39318156242370605,0.6013230085372925,-1.1429450511932373,0.5749496817588806,0.6077251434326172,-0.7168113589286804,0.37080252170562744,0.6131282448768616,-0.7034062743186951,0.5088024139404297,0.7507540583610535,-0.9978364706039429,0.4370044767856598,0.7575273513793945,-0.9958182573318481,0.7016177773475647,0.9093360900878906,-0.34297987818717957,0.24604694545269012,0.8810117244720459,-0.42070668935775757,0.7855589389801025,1.264511227607727,-0.19712945818901062,0.1380152851343155,1.2741836309432983,-0.27876415848731995,0.7767539024353027,1.5377161502838135,-0.5176049470901489,0.1320214867591858,1.6192463636398315,-0.6566205024719238,0.8008650541305542,1.6406487226486206,-0.6037029027938843,0.1062137633562088,1.7374414205551147,-0.766768753528595,0.76899653673172,1.6285394430160522,-0.6854062080383301,0.14840421080589294,1.7373334169387817,-0.8700777888298035,0.7489721775054932,1.5866717100143433,-0.5705336332321167,0.17056645452976227,1.6900676488876343,-0.714122474193573,0.6154124140739441,1.6804887056350708,-0.04474656656384468,0.3029516637325287,1.6744472980499268,0.04974467679858208,0.6091442108154297,2.339533805847168,-0.14892716705799103,0.3184145987033844,2.333012819290161,0.019242458045482635,0.6159561276435852,2.952801465988159,0.385932981967926,0.3462050259113312,2.9407358169555664,0.32458508014678955,0.6243993043899536,3.0509800910949707,0.4036801755428314,0.344152569770813,3.037499189376831,0.33408939838409424,0.5649995803833008,3.1422431468963623,-0.2454502135515213,0.39728018641471863,3.127122640609741,-0.3562260568141937
Slacking,0.4747060239315033,0.6802080273628235,-1.1692769527435303,0.505232572555542,0.5959604382514954,-1.132267713546753,0.5230661630630493,0.5931204557418823,-1.132465124130249,0.5420531630516052,0.5911657810211182,-1.1327953338623047,0.4375220239162445,0.6019086837768555,-1.1357094049453735,0.41401809453964233,0.6017130613327026,-1.135109305381775,0.3934800326824188,0.6013713479042053,-1.1355406045913696,0.5742639899253845,0.6075072884559631,-0.7136458158493042,0.3714994788169861,0.6127740144729614,-0.7028805613517761,0.5090345144271851,0.7505742311477661,-0.9929850697517395,0.4379608631134033,0.7574411630630493,-0.9914946556091309,0.6985083818435669,0.9093256592750549,-0.3415684103965759,0.2459532767534256,0.8809787631034851,-0.4202593266963959,0.7823486328125,1.262831211090088,-0.1871410459280014,0.13616587221622467,1.2750744819641113,-0.2663237452507019,0.7749534845352173,1.546800136566162,-0.49956846237182617,0.13186641037464142,1.6189895868301392,-0.6219101548194885,0.7988250851631165,1.652948021888733,-0.5843754410743713,0.10572491586208344,1.7365734577178955,-0.7286179661750793,0.767553448677063,1.6438994407653809,-0.6666082143783569,0.14740154147148132,1.7370011806488037,-0.8307898640632629,0.7479790449142456,1.6008148193359375,-0.5522101521492004,0.1690463125705719,1.689688801765442,-0.6777858734130859,0.6138051748275757,1.679727554321289,-0.04485389217734337,0.30360907316207886,1.6742045879364014,0.049788739532232285,0.6093706488609314,2.3359296321868896,-0.14993029832839966,0.3245876729488373,2.3309731483459473,0.01794244907796383,0.6168033480644226,2.9491543769836426,0.379952996969223,0.3531433641910553,2.9377224445343018,0.3192470371723175,0.6254793405532837,3.0472776889801025,0.3978338837623596,0.35009637475013733,3.0348293781280518,0.32866257429122925,0.5662514567375183,3.138923168182373,-0.24433207511901855,0.4039835035800934,3.1230883598327637,-0.355424702167511
Slacking,0.4749804437160492,0.6795310974121094,-1.188062310218811,0.5052448511123657,0.595398485660553,-1.1485346555709839,0.5230615735054016,0.5926181077957153,-1.1488226652145386,0.5419487953186035,0.5907112956047058,-1.1491620540618896,0.43769654631614685,0.6015642881393433,-1.1532342433929443,0.4143500328063965,0.6015545129776001,-1.1527678966522217,0.39390096068382263,0.6013613939285278,-1.1532560586929321,0.5735368132591248,0.6071555018424988,-0.7204445600509644,0.37198299169540405,0.6124686002731323,-0.7161840796470642,0.5092941522598267,0.7499864101409912,-1.0092631578445435,0.4386904239654541,0.7571996450424194,-1.009629726409912,0.6970923542976379,0.9093357920646667,-0.3415699005126953,0.24587810039520264,0.8809210062026978,-0.4234353005886078,0.779900074005127,1.2645355463027954,-0.1729823797941208,0.13456419110298157,1.272176742553711,-0.2733915448188782,0.7722417116165161,1.5590001344680786,-0.48185816407203674,0.1316012442111969,1.616043210029602,-0.6651297211647034,0.7952865958213806,1.6675639152526855,-0.5698238611221313,0.10158826410770416,1.7320082187652588,-0.7841559648513794,0.7634860277175903,1.660635232925415,-0.6599573493003845,0.1440899521112442,1.7351256608963013,-0.8898383378982544,0.7444637417793274,1.6169326305389404,-0.5374263525009155,0.16581568121910095,1.6875990629196167,-0.7240883708000183,0.6110848188400269,1.679386019706726,-0.04486246779561043,0.30362921953201294,1.6737140417099,0.0497896634042263,0.6088622212409973,2.335012197494507,-0.17804822325706482,0.3265454173088074,2.32844877243042,-0.019912388175725937,0.6167055368423462,2.9485104084014893,0.3290468752384186,0.35464954376220703,2.937065362930298,0.25961071252822876,0.6254040598869324,3.0478127002716064,0.34372010827064514,0.35139426589012146,3.036141872406006,0.2653333842754364,0.5660707950592041,3.136599540710449,-0.3118833899497986,0.40466824173927307,3.119992733001709,-0.4263174533843994
Slacking,0.475824773311615,0.6793342232704163,-1.2079557180404663,0.505663275718689,0.5953031778335571,-1.1681252717971802,0.5232768654823303,0.5925782918930054,-1.1683927774429321,0.5420652627944946,0.5907060503959656,-1.1687188148498535,0.4384642243385315,0.60146164894104,-1.175266146659851,0.4152016043663025,0.6015239357948303,-1.1748106479644775,0.3947693705558777,0.6013731360435486,-1.1752887964248657,0.5733739137649536,0.6070984601974487,-0.7341747879981995,0.372454434633255,0.612176775932312,-0.7422993183135986,0.5097988247871399,0.7498241066932678,-1.02741539478302,0.4396691918373108,0.7571653127670288,-1.0308873653411865,0.6951856017112732,0.9093154668807983,-0.3416374921798706,0.2456602156162262,0.8808340430259705,-0.4432699680328369,0.7795841693878174,1.263097882270813,-0.1432344913482666,0.13323582708835602,1.27236008644104,-0.2829219102859497,0.7721651196479797,1.5617722272872925,-0.43259891867637634,0.13122576475143433,1.6155351400375366,-0.6695327162742615,0.7953430414199829,1.6721665859222412,-0.5154486894607544,0.09959978610277176,1.7311798334121704,-0.7857040166854858,0.7633699178695679,1.665875792503357,-0.6070720553398132,0.14250892400741577,1.7347850799560547,-0.8912115097045898,0.7443327903747559,1.6209834814071655,-0.4883843958377838,0.16432280838489532,1.6871289014816284,-0.7274418473243713,0.610258162021637,1.6784186363220215,-0.04320158809423447,0.30369454622268677,1.6727527379989624,0.0480445958673954,0.6086040735244751,2.3320653438568115,-0.17521631717681885,0.3268934488296509,2.3261799812316895,-0.014494541101157665,0.6166267395019531,2.944648265838623,0.33574146032333374,0.3552418649196625,2.9326584339141846,0.2662207782268524,0.6253243088722229,3.0448505878448486,0.3511064350605011,0.35187602043151855,3.03177809715271,0.27151742577552795,0.5660943984985352,3.13131046295166,-0.30153509974479675,0.4058294892311096,3.1158838272094727,-0.417633056640625
Slacking,0.4759586453437805,0.6791117787361145,-1.2103701829910278,0.5057407021522522,0.5952279567718506,-1.1717174053192139,0.5233141779899597,0.5925356149673462,-1.1719251871109009,0.54206782579422,0.5906901955604553,-1.1722534894943237,0.43852144479751587,0.601443886756897,-1.181338906288147,0.41526731848716736,0.6015262603759766,-1.1808335781097412,0.39483681321144104,0.6015102863311768,-1.1812773942947388,0.5730403661727905,0.6069046854972839,-0.7384769916534424,0.3724941313266754,0.6121402978897095,-0.7602672576904297,0.5099965929985046,0.7496445775032043,-1.0296061038970947,0.4398764669895172,0.7571414709091187,-1.0360193252563477,0.6947144269943237,0.9092240929603577,-0.33740586042404175,0.24509842693805695,0.8807035684585571,-0.4699918329715729,0.7782570123672485,1.2640912532806396,-0.07530932128429413,0.13291576504707336,1.2677592039108276,-0.2885432839393616,0.7707920074462891,1.565496802330017,-0.27869778871536255,0.13169172406196594,1.61336350440979,-0.6478257179260254,0.7934851050376892,1.6752606630325317,-0.3386262357234955,0.09972034394741058,1.7291748523712158,-0.7542692422866821,0.7620972394943237,1.6688232421875,-0.4288211464881897,0.1425657868385315,1.7339611053466797,-0.853437602519989,0.7432628870010376,1.6252816915512085,-0.33103078603744507,0.16440679132938385,1.6859169006347656,-0.701507031917572,0.6079956293106079,1.6754213571548462,-0.03922880068421364,0.3023827075958252,1.6691628694534302,0.0439286045730114,0.6065306067466736,2.3265774250030518,-0.17654196918010712,0.3262975215911865,2.320502281188965,-0.01809559017419815,0.613594651222229,2.938655138015747,0.3276097774505615,0.3540133833885193,2.925753355026245,0.2483542412519455,0.6218950748443604,3.038341522216797,0.34272974729537964,0.35060349106788635,3.024834394454956,0.2527368664741516,0.5628973245620728,3.1267123222351074,-0.30017179250717163,0.40431004762649536,3.108790874481201,-0.42773622274398804
Slacking,0.4759659171104431,0.6789395809173584,-1.2027877569198608,0.5056240558624268,0.5951948165893555,-1.1617544889450073,0.5230807662010193,0.5925223231315613,-1.1619679927825928,0.5415415167808533,0.5906845331192017,-1.1622960567474365,0.4385243058204651,0.6014379262924194,-1.1731772422790527,0.4152887463569641,0.6015402674674988,-1.1726340055465698,0.39488279819488525,0.6016483902931213,-1.1730735301971436,0.5722142457962036,0.6067408919334412,-0.72100430727005,0.37260377407073975,0.6120875477790833,-0.7531178593635559,0.5100091695785522,0.7494414448738098,-1.0206115245819092,0.43999242782592773,0.757084846496582,-1.0295307636260986,0.6941274404525757,0.9087275266647339,-0.32000792026519775,0.2450598031282425,0.8801413774490356,-0.46459779143333435,0.7774953842163086,1.2643685340881348,-0.07632766664028168,0.13287325203418732,1.2632445096969604,-0.2871255874633789,0.770846426486969,1.5687942504882812,-0.3153323531150818,0.1315068155527115,1.607784628868103,-0.6690832376480103,0.7937402129173279,1.6787537336349487,-0.38705816864967346,0.09922848641872406,1.723617672920227,-0.7832875847816467,0.7621979713439941,1.672237515449524,-0.47794634103775024,0.14263838529586792,1.729811191558838,-0.8851777911186218,0.7432913184165955,1.6290687322616577,-0.3696121871471405,0.16448023915290833,1.6815426349639893,-0.7252877950668335,0.6074377298355103,1.6714222431182861,-0.03943980112671852,0.3022159934043884,1.665179967880249,0.044133659452199936,0.6062034368515015,2.320404291152954,-0.16511908173561096,0.3261587619781494,2.314063549041748,-0.01673697493970394,0.613221287727356,2.9290225505828857,0.3613643944263458,0.3538737893104553,2.91517972946167,0.2758083939552307,0.6215947270393372,3.0280816555023193,0.37828773260116577,0.3505409359931946,3.0131306648254395,0.2835533022880554,0.5625403523445129,3.1157386302948,-0.27273374795913696,0.40421563386917114,3.097886085510254,-0.41504836082458496
Slacking,0.4760315418243408,0.6693578362464905,-1.0916506052017212,0.505626380443573,0.5885123610496521,-1.0461370944976807,0.5230311155319214,0.5862134099006653,-1.0463520288467407,0.5412604808807373,0.5852776169776917,-1.0467135906219482,0.4386558532714844,0.5946841835975647,-1.054537057876587,0.41548624634742737,0.5955982208251953,-1.0538586378097534,0.39509904384613037,0.596572756767273,-1.0542590618133545,0.5712726712226868,0.602912187576294,-0.6166198253631592,0.37279456853866577,0.6079685688018799,-0.6302233934402466,0.5101085305213928,0.7407235503196716,-0.9173374176025391,0.44000059366226196,0.7494096159934998,-0.9220123291015625,0.6936889886856079,0.9085580706596375,-0.2569980025291443,0.2436991035938263,0.8799384832382202,-0.3910066783428192,0.7765757441520691,1.2698687314987183,-0.06583552062511444,0.1319563090801239,1.2631803750991821,-0.26222991943359375,0.769922137260437,1.5737656354904175,-0.32541424036026,0.1314241588115692,1.607137680053711,-0.6614527106285095,0.7933039665222168,1.6866157054901123,-0.404158353805542,0.09756214171648026,1.7235718965530396,-0.7792894840240479,0.7601172924041748,1.6810574531555176,-0.4890383780002594,0.1425606608390808,1.7298983335494995,-0.8768450617790222,0.7413676977157593,1.6345547437667847,-0.3784424662590027,0.1643911898136139,1.6815396547317505,-0.7170041799545288,0.6070457100868225,1.6706422567367554,-0.03947654739022255,0.30179011821746826,1.6636123657226562,0.04420299455523491,0.6055318117141724,2.3184943199157715,-0.17086738348007202,0.32589906454086304,2.3122174739837646,0.018127495422959328,0.6118703484535217,2.927096366882324,0.34243857860565186,0.35302239656448364,2.9121956825256348,0.30971354246139526,0.6204102635383606,3.0272371768951416,0.3586694598197937,0.3488186001777649,3.0110971927642822,0.31830736994743347,0.5610461235046387,3.1126253604888916,-0.2839166522026062,0.40415510535240173,3.0950851440429688,-0.3507947027683258
Slacking,0.4761795103549957,0.6421977281570435,-1.1030726432800293,0.5056756734848022,0.5683844089508057,-1.0479122400283813,0.5230168104171753,0.5676962733268738,-1.048304796218872,0.5410860776901245,0.5687699913978577,-1.0486884117126465,0.43943890929222107,0.5694593191146851,-1.0598506927490234,0.41644206643104553,0.5695897340774536,-1.059332251548767,0.39582377672195435,0.5709201097488403,-1.0598371028900146,0.5694971680641174,0.5894696712493896,-0.5929461717605591,0.3730892539024353,0.588927686214447,-0.6270150542259216,0.5101218819618225,0.7130740880966187,-0.9220454096794128,0.4399862289428711,0.7181712985038757,-0.9316872358322144,0.6937685608863831,0.9085916876792908,-0.21610292792320251,0.24159106612205505,0.8794166445732117,-0.3911961019039154,0.7772760987281799,1.2727265357971191,-0.06939871609210968,0.12986412644386292,1.2670447826385498,-0.2636357247829437,0.7701766490936279,1.5814399719238281,-0.3886752724647522,0.12895146012306213,1.614855408668518,-0.712422251701355,0.7933511137962341,1.6985738277435303,-0.4948568344116211,0.09523198753595352,1.7323840856552124,-0.8556594848632812,0.759770393371582,1.6932895183563232,-0.5912551879882812,0.14146368205547333,1.741857647895813,-0.9530744552612305,0.7411360144615173,1.643519639968872,-0.4509623646736145,0.16292960941791534,1.6917624473571777,-0.7691174745559692,0.6062346696853638,1.6711814403533936,-0.036954157054424286,0.3018079102039337,1.6643961668014526,0.04179796949028969,0.605276882648468,2.32051157951355,-0.18388864398002625,0.3265392780303955,2.3143868446350098,-0.028606321662664413,0.6119831204414368,2.9309818744659424,0.3428126573562622,0.3553033173084259,2.9172816276550293,0.2756459414958954,0.620456337928772,3.031306743621826,0.35949626564979553,0.35037311911582947,3.0158472061157227,0.28281232714653015,0.564374566078186,3.116502285003662,-0.2910618185997009,0.40862172842025757,3.1002907752990723,-0.4055357873439789
Slacking,0.4744834303855896,0.6092008352279663,-1.111306071281433,0.5029244422912598,0.5402000546455383,-1.0468711853027344,0.5203169584274292,0.5408910512924194,-1.0472604036331177,0.5358109474182129,0.541515052318573,-1.0475534200668335,0.4388602375984192,0.540073812007904,-1.0552462339401245,0.41642966866493225,0.5401277542114258,-1.054573655128479,0.3958401083946228,0.5415513515472412,-1.0550076961517334,0.5634889602661133,0.5668535828590393,-0.5851014852523804,0.37332746386528015,0.5668443441390991,-0.6003035306930542,0.508359968662262,0.6822241544723511,-0.9336091876029968,0.4385150074958801,0.681967556476593,-0.9396064877510071,0.6938337087631226,0.908272922039032,-0.24255719780921936,0.24055597186088562,0.8798217177391052,-0.37337568402290344,0.7904311418533325,1.272655725479126,-0.1796433925628662,0.12438748776912689,1.2828553915023804,-0.31541144847869873,0.8006973266601562,1.5876562595367432,-0.6100555658340454,0.12317448854446411,1.6171395778656006,-0.8816291093826294,0.8278263807296753,1.7031654119491577,-0.7405009865760803,0.09053061902523041,1.732511281967163,-1.044426679611206,0.7908747792243958,1.7009729146957397,-0.8291427493095398,0.13897308707237244,1.7395155429840088,-1.1516023874282837,0.768473744392395,1.6556357145309448,-0.6732800006866455,0.16021578013896942,1.691430687904358,-0.947952389717102,0.6075958013534546,1.671317219734192,-0.05055602267384529,0.3048810064792633,1.668785810470581,0.055810701102018356,0.6129412651062012,2.3247337341308594,-0.23303496837615967,0.33703091740608215,2.3330979347229004,-0.02215796522796154,0.6256030797958374,2.9360177516937256,0.32159119844436646,0.3657246232032776,2.9354655742645264,0.28019607067108154,0.6353228688240051,3.036391258239746,0.3353341221809387,0.3607773780822754,3.03436017036438,0.28834858536720276,0.5810018181800842,3.1190919876098633,-0.3573228716850281,0.4162372052669525,3.112551212310791,-0.40381962060928345
Slacking,0.4755520820617676,0.5846536159515381,-0.6687499284744263,0.5029054880142212,0.5191128253936768,-0.6022719740867615,0.5198114514350891,0.5201509594917297,-0.6021822094917297,0.5345625281333923,0.5216213464736938,-0.6016356945037842,0.4396155774593353,0.517755389213562,-0.5934836864471436,0.4174323081970215,0.5186784267425537,-0.592487633228302,0.3967825472354889,0.5218757390975952,-0.5925706028938293,0.5577048063278198,0.5546742677688599,-0.23298954963684082,0.3729446232318878,0.5559677481651306,-0.17676839232444763,0.5085127949714661,0.6563705205917358,-0.5386446714401245,0.4385972023010254,0.6560056209564209,-0.5253205895423889,0.6795119643211365,0.8952290415763855,-0.041624583303928375,0.2423519343137741,0.8758001923561096,0.001042491989210248,0.8760079145431519,1.2501251697540283,-0.535261332988739,0.03662553429603577,1.1923660039901733,-0.48922961950302124,0.8272780179977417,0.8366770148277283,-1.0533109903335571,0.0806364119052887,0.7339362502098083,-1.2745275497436523,0.8244233131408691,0.6801765561103821,-1.1677629947662354,0.08895333111286163,0.6416581273078918,-1.4249745607376099,0.7908815145492554,0.6588928699493408,-1.0249965190887451,0.13268986344337463,0.6210978627204895,-1.332751750946045,0.777290403842926,0.7155731320381165,-1.0225554704666138,0.1421685367822647,0.6492948532104492,-1.2776271104812622,0.6023255586624146,1.6588702201843262,-0.07505869120359421,0.3021484911441803,1.6636404991149902,0.08195770531892776,0.6060532331466675,2.32962965965271,-0.3297498822212219,0.3367776870727539,2.340311288833618,0.02939782477915287,0.6234714984893799,2.940964698791504,0.040068235248327255,0.36522960662841797,2.9443399906158447,0.2775273323059082,0.6343767642974854,3.0382516384124756,0.038923610001802444,0.35801616311073303,3.0359580516815186,0.2864866852760315,0.5801305174827576,3.11960768699646,-0.5815367698669434,0.4073926508426666,3.126131772994995,-0.3784109652042389
Slacking,0.4755652844905853,0.5828428268432617,-0.586310088634491,0.5021747350692749,0.5214002132415771,-0.5177856683731079,0.518287718296051,0.5229373574256897,-0.5175815224647522,0.5314827561378479,0.5244376063346863,-0.5171166062355042,0.44005656242370605,0.5190421342849731,-0.5078856945037842,0.41812267899513245,0.5197157263755798,-0.5070265531539917,0.3976455628871918,0.5218766331672668,-0.507038414478302,0.5493059158325195,0.5552186965942383,-0.164987713098526,0.37248414754867554,0.5541126132011414,-0.10913942754268646,0.5076615214347839,0.64968341588974,-0.4643442630767822,0.4384769797325134,0.6495963931083679,-0.45177993178367615,0.645890474319458,0.8620259165763855,-0.009543702937662601,0.24222798645496368,0.8611688017845154,0.1088714599609375,0.8569114804267883,1.0106016397476196,-0.45498308539390564,0.040544696152210236,1.0140272378921509,-0.15622732043266296,0.8197748064994812,0.5880761742591858,-0.8490898013114929,0.06852708011865616,0.5532915592193604,-0.5024288296699524,0.8145105242729187,0.4671226739883423,-0.9514642953872681,0.09027619659900665,0.4718608558177948,-0.596950352191925,0.7833054065704346,0.4493316411972046,-0.8543738126754761,0.1314183473587036,0.4577828645706177,-0.4735710620880127,0.7760488986968994,0.49045103788375854,-0.827912449836731,0.13492104411125183,0.48697373270988464,-0.48507896065711975,0.5745106935501099,1.6118148565292358,-0.08912810683250427,0.2900835871696472,1.6187745332717896,0.09591814875602722,0.5667491555213928,2.311511278152466,-0.3483067452907562,0.3252662122249603,2.3152425289154053,0.013874257914721966,0.5754615068435669,2.9254300594329834,0.001791008748114109,0.3323955237865448,2.9319183826446533,0.13267847895622253,0.5861364006996155,3.014218807220459,0.004130556248128414,0.3226112723350525,3.020859956741333,0.13019013404846191,0.5344164371490479,3.1062076091766357,-0.5954040288925171,0.36617833375930786,3.11757755279541,-0.508543848991394
Slacking,0.46369829773902893,0.5902587175369263,-0.6347913146018982,0.4909738004207611,0.5271424055099487,-0.5626260638237,0.5077463984489441,0.5280522704124451,-0.5626558065414429,0.520893394947052,0.5291761159896851,-0.5622276067733765,0.43377232551574707,0.5261275172233582,-0.5546940565109253,0.4132305085659027,0.5267093777656555,-0.5542709827423096,0.39442309737205505,0.5287095308303833,-0.5542846322059631,0.5369375348091125,0.5579978823661804,-0.17060482501983643,0.3724440634250641,0.5575882196426392,-0.12984302639961243,0.49467921257019043,0.6576141119003296,-0.49458879232406616,0.4284021258354187,0.6574533581733704,-0.48594459891319275,0.6218007802963257,0.8527079224586487,-0.10190192610025406,0.26517245173454285,0.8529121279716492,-0.005206672474741936,0.7580426931381226,0.8039264678955078,-0.883148193359375,0.08805514127016068,0.7247835993766785,-0.7511047124862671,0.7043150663375854,0.43218374252319336,-1.3220343589782715,0.16053394973278046,0.4443523585796356,-1.5641623735427856,0.6910209059715271,0.348916620016098,-1.4500290155410767,0.18509040772914886,0.3911602199077606,-1.7246065139770508,0.678523600101471,0.3478361964225769,-1.3484135866165161,0.21065644919872284,0.40410393476486206,-1.6265013217926025,0.672386109828949,0.3884567618370056,-1.308850646018982,0.20713932812213898,0.44182121753692627,-1.566863775253296,0.5614289045333862,1.6203320026397705,-0.08990703523159027,0.29176363348960876,1.6231858730316162,0.09530484676361084,0.5618304014205933,2.3057093620300293,-0.30444300174713135,0.3277387022972107,2.2962002754211426,-0.05435538291931152,0.5692182779312134,2.9056615829467773,0.02926928922533989,0.33416181802749634,2.900852918624878,-0.010946856811642647,0.5802445411682129,2.9913015365600586,0.026305893436074257,0.3239342272281647,2.983921766281128,-0.02414291724562645,0.5262709856033325,3.0715441703796387,-0.5412923097610474,0.3663421869277954,3.0828616619110107,-0.6130459308624268
Slacking,0.46110162138938904,0.5917671918869019,-0.5654700398445129,0.48954787850379944,0.5303434729576111,-0.5159409642219543,0.505699872970581,0.5307714343070984,-0.5158793330192566,0.5187984704971313,0.5315750241279602,-0.5160422325134277,0.43383535742759705,0.5302126407623291,-0.5086463689804077,0.4141212999820709,0.5307919979095459,-0.5085388422012329,0.396340548992157,0.5325566530227661,-0.5089796781539917,0.5388569235801697,0.5580520629882812,-0.17371074855327606,0.38067811727523804,0.5570241808891296,-0.13065846264362335,0.49300679564476013,0.6529508829116821,-0.4388064742088318,0.42718061804771423,0.6510795950889587,-0.428764671087265,0.6300637722015381,0.8195164799690247,-0.03603599965572357,0.2955051064491272,0.8072784543037415,-0.01819688454270363,0.6760152578353882,0.6600843071937561,-0.28754451870918274,0.2230243980884552,0.49453818798065186,-0.2795552611351013,0.5864337682723999,0.6121181845664978,0.11767487227916718,0.30661121010780334,0.573189914226532,-0.18146994709968567,0.5611454844474792,0.5881292223930359,0.10403863340616226,0.33299458026885986,0.5708205103874207,-0.2537711262702942,0.546101450920105,0.6325457096099854,0.1573960781097412,0.3663064241409302,0.5862888097763062,-0.1440948098897934,0.5439471006393433,0.6493022441864014,0.12148288637399673,0.36457568407058716,0.5893248915672302,-0.16490718722343445,0.5664389133453369,1.6171754598617554,-0.07993046939373016,0.3079994022846222,1.6028410196304321,0.08254878222942352,0.5662534236907959,2.269165277481079,-0.31313055753707886,0.3356630504131317,2.2604477405548096,-0.08862854540348053,0.572385847568512,2.8791861534118652,-0.0699746161699295,0.33661729097366333,2.8740487098693848,-0.14197824895381927,0.5808858871459961,2.96722674369812,-0.07420801371335983,0.3312492370605469,2.955449104309082,-0.16320616006851196,0.5310106873512268,3.0454020500183105,-0.5960203409194946,0.3681351840496063,3.0579731464385986,-0.7261658906936646
Slacking,0.4586566388607025,0.593510091304779,-0.5970262289047241,0.4871441423892975,0.5321375131607056,-0.5334709882736206,0.5037293434143066,0.5317486524581909,-0.5336030721664429,0.5172629356384277,0.5318321585655212,-0.5338366031646729,0.43219512701034546,0.5329082608222961,-0.5317590236663818,0.4128327965736389,0.5334920883178711,-0.5316786766052246,0.39515653252601624,0.5352128148078918,-0.5317929983139038,0.5388143062591553,0.5621534585952759,-0.1551419347524643,0.3805810809135437,0.5575542449951172,-0.13831248879432678,0.49181920289993286,0.6580133438110352,-0.4650171399116516,0.42228227853775024,0.6554962396621704,-0.4606013298034668,0.6307564973831177,0.831459641456604,-0.02641754224896431,0.29567602276802063,0.8117449283599854,-0.004272333346307278,0.6556154489517212,0.5166121125221252,0.05052390694618225,0.23165853321552277,0.44184932112693787,0.07672152668237686,0.5783978700637817,0.5641574263572693,0.7846724987030029,0.3321812152862549,0.5993613600730896,0.6678405404090881,0.5006268620491028,0.601376473903656,0.8079266548156738,0.36772164702415466,0.6169178485870361,0.6653364896774292,0.5231424570083618,0.5959514379501343,0.8900092840194702,0.3898692727088928,0.6170939207077026,0.7561370730400085,0.5316070318222046,0.611565351486206,0.8066033124923706,0.3855849504470825,0.6162989139556885,0.6819707751274109,0.561519980430603,1.6563738584518433,-0.10994086414575577,0.3022802174091339,1.630806803703308,0.11147122085094452,0.5655179023742676,2.2861242294311523,-0.4087420403957367,0.33537036180496216,2.288208484649658,-0.07726013660430908,0.5742055177688599,2.9189341068267822,-0.15953317284584045,0.33674487471580505,2.891162395477295,-0.05327858775854111,0.5838245153427124,3.0066473484039307,-0.16807204484939575,0.33193135261535645,2.956144094467163,-0.06625264137983322,0.5344598889350891,3.070103168487549,-0.7113712430000305,0.36631739139556885,3.0655274391174316,-0.6363692283630371
Slacking,0.4560445249080658,0.5958660244941711,-0.5412377715110779,0.4846346974372864,0.5355204343795776,-0.47745710611343384,0.5011462569236755,0.5372016429901123,-0.4773460030555725,0.5151309370994568,0.5391871333122253,-0.47750791907310486,0.4311447739601135,0.5333837866783142,-0.4778648018836975,0.4122924208641052,0.5341417789459229,-0.4776230752468109,0.3949286937713623,0.5361350774765015,-0.477748304605484,0.5346215963363647,0.5727684497833252,-0.09933115541934967,0.38043197989463806,0.5601505637168884,-0.08124656975269318,0.487727552652359,0.6613388061523438,-0.4104931354522705,0.41897162795066833,0.6576998233795166,-0.40639758110046387,0.6274558901786804,0.8379154205322266,-0.004578794352710247,0.29025527834892273,0.8197034597396851,0.0161307230591774,0.681087076663971,0.4846000671386719,0.01587272621691227,0.2233067750930786,0.4296156167984009,0.059459369629621506,0.5624659061431885,0.49226585030555725,0.7371649146080017,0.34642747044563293,0.5494301915168762,0.5537950396537781,0.5185774564743042,0.4963798522949219,0.7556954622268677,0.432570219039917,0.5578503012657166,0.5440090894699097,0.50713050365448,0.5267373323440552,0.8728388547897339,0.4048430919647217,0.5802393555641174,0.6376142501831055,0.5155901312828064,0.5389609932899475,0.7708360552787781,0.394579142332077,0.5801420211791992,0.567612886428833,0.5630338788032532,1.674813151359558,-0.12320487201213837,0.30121803283691406,1.6564431190490723,0.12497260421514511,0.570562481880188,2.296855926513672,-0.3776851296424866,0.3394152820110321,2.306321620941162,-0.01950136199593544,0.5853275060653687,2.9295847415924072,-0.09026197344064713,0.35772544145584106,2.900696039199829,0.009993056766688824,0.5985854864120483,3.013370990753174,-0.09601160138845444,0.35211798548698425,2.961291790008545,0.0023859411012381315,0.5564776062965393,3.085059404373169,-0.6376012563705444,0.3960481286048889,3.0764963626861572,-0.582323431968689
Slacking,0.45669132471084595,0.5712253451347351,-0.5544770956039429,0.48370400071144104,0.5274145007133484,-0.4780711531639099,0.4988633096218109,0.5290778279304504,-0.47790592908859253,0.5116392374038696,0.5312177538871765,-0.47767776250839233,0.43193793296813965,0.5282273888587952,-0.4856851100921631,0.4138367772102356,0.5302781462669373,-0.4856712222099304,0.39688077569007874,0.5325448513031006,-0.4857638478279114,0.5280788540840149,0.5680984854698181,-0.08180566877126694,0.3801822066307068,0.5605734586715698,-0.11147266626358032,0.4880650043487549,0.637544572353363,-0.42065104842185974,0.419487327337265,0.6359860301017761,-0.4295666217803955,0.6288396120071411,0.8217716217041016,0.03418737277388573,0.28648513555526733,0.8076841235160828,-0.0011085657170042396,0.7188795804977417,0.4565655589103699,-0.01943751983344555,0.20466141402721405,0.40454164147377014,0.08692605048418045,0.5418848395347595,0.43143603205680847,0.5956694483757019,0.3479239344596863,0.4750768840312958,0.8471896052360535,0.4990261495113373,0.4381001889705658,0.5924856662750244,0.3998510241508484,0.4805412292480469,0.8456481099128723,0.4866417944431305,0.4607372283935547,0.7142740488052368,0.3979288637638092,0.502349317073822,0.9650114178657532,0.49831828474998474,0.47091954946517944,0.6254100799560547,0.3862054944038391,0.5115071535110474,0.8689107894897461,0.566770613193512,1.665239930152893,-0.08077947795391083,0.30396324396133423,1.6562855243682861,0.08240539580583572,0.5956812500953674,2.2939679622650146,-0.38042303919792175,0.36415010690689087,2.304844617843628,-0.23114940524101257,0.6257832050323486,2.9220759868621826,-0.14215300977230072,0.39850127696990967,2.9040207862854004,-0.27164027094841003,0.6331573724746704,3.004793882369995,-0.14973019063472748,0.39744803309440613,2.971916675567627,-0.28854161500930786,0.6057301759719849,3.088587760925293,-0.7388191819190979,0.43820086121559143,3.0816729068756104,-0.9149448275566101
Slacking,0.46498051285743713,0.5708855390548706,-0.7493327260017395,0.4858303666114807,0.5281120538711548,-0.6447486877441406,0.4991529583930969,0.5296836495399475,-0.6444764733314514,0.5121698975563049,0.5317571759223938,-0.6441632509231567,0.4403380751609802,0.5287382006645203,-0.6799240112304688,0.42312151193618774,0.5308884978294373,-0.6803396344184875,0.40546756982803345,0.5333928465843201,-0.6802172064781189,0.529466450214386,0.5675409436225891,-0.16893771290779114,0.38079074025154114,0.5611876249313354,-0.2871774137020111,0.49153122305870056,0.6367937922477722,-0.5750867128372192,0.43272876739501953,0.635903537273407,-0.6180537939071655,0.6302969455718994,0.8227605223655701,-0.00246262620203197,0.2810758352279663,0.8084046244621277,-0.125004380941391,0.8224877119064331,0.47016459703445435,-0.02216530404984951,0.12464433908462524,0.418011873960495,-0.04943578317761421,0.563517689704895,0.46323445439338684,0.5466934442520142,0.34386304020881653,0.45948725938796997,0.7113564610481262,0.5189849138259888,0.4656195044517517,0.5431958436965942,0.39940109848976135,0.4575493633747101,0.7111887335777283,0.5073941349983215,0.483022540807724,0.6568838357925415,0.4012535512447357,0.47964173555374146,0.8387764692306519,0.5167661905288696,0.49568766355514526,0.5714284181594849,0.3845159411430359,0.49500104784965515,0.7380484938621521,0.5678105354309082,1.6623752117156982,-0.06300830841064453,0.305992066860199,1.6561684608459473,0.06518504023551941,0.599835216999054,2.2954063415527344,-0.3802543878555298,0.3628670573234558,2.3055341243743896,-0.21561086177825928,0.6257787942886353,2.922440528869629,-0.10428036749362946,0.39597171545028687,2.9079079627990723,-0.22690966725349426,0.6335142254829407,3.006063222885132,-0.10836813598871231,0.3954753279685974,2.9785964488983154,-0.24293868243694305,0.598608136177063,3.0918190479278564,-0.7130059599876404,0.4312801957130432,3.0855367183685303,-0.8870941400527954
Slacking,0.4673612713813782,0.5718769431114197,-0.924346923828125,0.48677849769592285,0.5291933417320251,-0.8312740325927734,0.49923259019851685,0.5306130647659302,-0.8311263918876648,0.5126842260360718,0.5325775742530823,-0.8309988975524902,0.44289225339889526,0.5299018621444702,-0.8580096364021301,0.4254305958747864,0.5313376784324646,-0.8583453297615051,0.40746864676475525,0.5346819758415222,-0.8584097027778625,0.5304505825042725,0.567714273929596,-0.32132232189178467,0.3809416890144348,0.5669233202934265,-0.44880008697509766,0.49317803978919983,0.6377682089805603,-0.7460657358169556,0.4376952648162842,0.637878954410553,-0.7819127440452576,0.6320406198501587,0.8268546462059021,-0.0594538152217865,0.27722638845443726,0.8118690848350525,-0.1898808777332306,0.8746024966239929,0.5176976323127747,-0.08284920454025269,0.06509225815534592,0.47026947140693665,-0.0634576603770256,0.569255530834198,0.4773886501789093,0.4265098571777344,0.32752904295921326,0.4862799644470215,0.7614283561706543,0.5201061964035034,0.47059643268585205,0.42156171798706055,0.38864725828170776,0.47045987844467163,0.7726681232452393,0.5089143514633179,0.49042049050331116,0.5456221699714661,0.3882197141647339,0.49646955728530884,0.9184147119522095,0.5195552110671997,0.5060665011405945,0.45734983682632446,0.3684738278388977,0.5166190266609192,0.7987172603607178,0.5712219476699829,1.6576526165008545,-0.06344634294509888,0.3103293478488922,1.6541520357131958,0.0658247321844101,0.6012827157974243,2.2948520183563232,-0.3897153437137604,0.360498309135437,2.3055930137634277,-0.18129831552505493,0.6238566040992737,2.921523094177246,-0.08502145111560822,0.3914104998111725,2.9081060886383057,-0.16258518397808075,0.6321783065795898,3.0062224864959717,-0.0857616513967514,0.3910887837409973,2.9801344871520996,-0.17566873133182526,0.5958224534988403,3.092324733734131,-0.6935709714889526,0.4265057444572449,3.0871989727020264,-0.815116286277771
Slacking,0.46879181265830994,0.5729514360427856,-0.9020770788192749,0.4870297312736511,0.5336640477180481,-0.81207275390625,0.4995862543582916,0.5353492498397827,-0.8119918704032898,0.513083815574646,0.5370129346847534,-0.8118772506713867,0.44434237480163574,0.5351991057395935,-0.8380069732666016,0.4271574914455414,0.5382063388824463,-0.8382343053817749,0.4091707170009613,0.5422300100326538,-0.8383108377456665,0.5299670100212097,0.5701720118522644,-0.3165712058544159,0.38083916902542114,0.5743666291236877,-0.4384419918060303,0.4936739504337311,0.6397886276245117,-0.727074921131134,0.4405922293663025,0.6395424008369446,-0.7627037763595581,0.6342789530754089,0.8289887309074402,-0.06319986283779144,0.2712402045726776,0.8139529824256897,-0.1838093101978302,0.8774110078811646,0.5362323522567749,-0.09656670689582825,0.05550823360681534,0.48384368419647217,-0.06221476197242737,0.569786012172699,0.4857906103134155,0.4388096332550049,0.32779309153556824,0.4912582039833069,0.7530427575111389,0.5175864696502686,0.475096732378006,0.4273432195186615,0.3882564902305603,0.4692392945289612,0.7557812333106995,0.5073145627975464,0.49294573068618774,0.5507097244262695,0.38815754652023315,0.5011128783226013,0.9014334678649902,0.5182024836540222,0.5091488361358643,0.4699862003326416,0.36758843064308167,0.5226776599884033,0.7892404794692993,0.5703741312026978,1.648693561553955,-0.05953427404165268,0.30857205390930176,1.648026704788208,0.062094688415527344,0.5995029211044312,2.289557456970215,-0.404275506734848,0.3473449945449829,2.2993345260620117,-0.21560685336589813,0.6161573529243469,2.9164438247680664,-0.1151079311966896,0.37913578748703003,2.9097723960876465,-0.20810671150684357,0.622127890586853,3.0013322830200195,-0.1156434565782547,0.3817371129989624,2.9845316410064697,-0.22178924083709717,0.5826348066329956,3.0940797328948975,-0.719506561756134,0.40461239218711853,3.089266777038574,-0.8555583953857422
Slacking,0.46781206130981445,0.575063169002533,-0.8667808771133423,0.4867495894432068,0.5353992581367493,-0.7848671674728394,0.49950188398361206,0.5374959707260132,-0.7848189473152161,0.5123533010482788,0.5392888784408569,-0.7847215533256531,0.4441372752189636,0.5366183519363403,-0.8030257225036621,0.42704683542251587,0.5398557782173157,-0.8030682802200317,0.40909165143966675,0.5436877608299255,-0.8031784296035767,0.5299099087715149,0.5721834897994995,-0.2971624732017517,0.3806394040584564,0.5756960511207581,-0.40606412291526794,0.4933621883392334,0.6420318484306335,-0.7009363770484924,0.440481573343277,0.6418101787567139,-0.7247771620750427,0.635628342628479,0.8304669857025146,-0.01672082394361496,0.27012744545936584,0.8155257701873779,-0.14107787609100342,0.8757817149162292,0.5409116744995117,-0.040924809873104095,0.06505033373832703,0.4851830303668976,0.039467621594667435,0.578544020652771,0.5018031001091003,0.5200527906417847,0.32856112718582153,0.4956513047218323,0.8082631230354309,0.5257644057273865,0.4932999014854431,0.5116182565689087,0.3882210850715637,0.4752464294433594,0.8043692708015442,0.5145525336265564,0.5109947919845581,0.6247409582138062,0.38816195726394653,0.5074928402900696,0.937690258026123,0.5252705812454224,0.5257453322410583,0.5464824438095093,0.36803895235061646,0.5278505682945251,0.8403009176254272,0.5647305250167847,1.6426140069961548,-0.053782541304826736,0.30515509843826294,1.6374636888504028,0.056598961353302,0.5870843529701233,2.2859749794006348,-0.39440596103668213,0.34156033396720886,2.2942464351654053,-0.19944481551647186,0.5991756916046143,2.9116742610931396,-0.10613282024860382,0.36590006947517395,2.9105708599090576,-0.20991019904613495,0.6038587093353271,2.9960427284240723,-0.10675810277462006,0.3692876994609833,2.9880239963531494,-0.22788575291633606,0.5644416809082031,3.0951337814331055,-0.707757294178009,0.38355836272239685,3.090940237045288,-0.872113823890686
Slacking,0.4680778980255127,0.5763099789619446,-0.8468310236930847,0.486908495426178,0.5357167720794678,-0.7531116604804993,0.49975401163101196,0.5376704931259155,-0.7529839873313904,0.5122746229171753,0.5394190549850464,-0.7529320120811462,0.4445718824863434,0.5370028018951416,-0.7788494825363159,0.4276029169559479,0.540100634098053,-0.7789105176925659,0.409900039434433,0.5437877774238586,-0.7787832021713257,0.5296286344528198,0.5722521543502808,-0.2616351842880249,0.38068103790283203,0.5769931077957153,-0.38603726029396057,0.4934810698032379,0.6426874995231628,-0.6752777695655823,0.44107016921043396,0.6425150632858276,-0.7121553421020508,0.6352537870407104,0.8324310779571533,-0.010195965878665447,0.27000078558921814,0.8166682720184326,-0.14240869879722595,0.8610865473747253,0.5224445462226868,-0.06340046972036362,0.0731855183839798,0.46769508719444275,-0.02072339504957199,0.5740512609481812,0.5067299604415894,0.46279340982437134,0.3421274721622467,0.49406319856643677,0.706091046333313,0.5247598886489868,0.5031960606575012,0.44083303213119507,0.4010087847709656,0.47760555148124695,0.6950282454490662,0.513177752494812,0.5229930877685547,0.5572229623794556,0.4014727473258972,0.5114437341690063,0.8226900100708008,0.5231278538703918,0.535365641117096,0.4869353175163269,0.3816090226173401,0.5296463966369629,0.7332674264907837,0.56451016664505,1.6313852071762085,-0.039857905358076096,0.3040495812892914,1.6278518438339233,0.04303188621997833,0.5844969153404236,2.281743049621582,-0.40191274881362915,0.34144848585128784,2.2851874828338623,-0.29479366540908813,0.5978789925575256,2.9084956645965576,-0.14463838934898376,0.3668108582496643,2.910917043685913,-0.3191494941711426,0.6019104719161987,2.991712808609009,-0.1479654461145401,0.36959853768348694,2.9905011653900146,-0.3376260995864868,0.5640299916267395,3.095482349395752,-0.760507345199585,0.3866592347621918,3.0908799171447754,-0.9995580911636353
Slacking,0.46836867928504944,0.5693643689155579,-0.7767876386642456,0.486990749835968,0.5307813286781311,-0.6901485919952393,0.4996923506259918,0.5324403047561646,-0.6901631951332092,0.5114086270332336,0.5345535278320312,-0.6899961829185486,0.44484829902648926,0.5333508849143982,-0.7102059721946716,0.42798882722854614,0.5372183918952942,-0.7103671431541443,0.41045212745666504,0.5418989062309265,-0.7101773023605347,0.5280601382255554,0.5697314739227295,-0.2274060994386673,0.3807425796985626,0.5764985680580139,-0.32150834798812866,0.4935224652290344,0.6337883472442627,-0.6176296472549438,0.44229450821876526,0.6346367597579956,-0.6449702382087708,0.6332361698150635,0.8331696391105652,-0.020040933042764664,0.2754260301589966,0.8172814846038818,-0.16847717761993408,0.8524929881095886,0.48167160153388977,-0.07844492793083191,0.11701886355876923,0.43647846579551697,-0.09233681857585907,0.5629561543464661,0.5254654288291931,0.4645256996154785,0.3570807874202728,0.5106223821640015,0.707263171672821,0.5192831754684448,0.5324311852455139,0.43851718306541443,0.4166448712348938,0.5094268918037415,0.7059512138366699,0.5063304305076599,0.551539957523346,0.5475924015045166,0.4156891405582428,0.5391814708709717,0.8187630772590637,0.5160593390464783,0.5579816699028015,0.4847228527069092,0.39679986238479614,0.5498726963996887,0.727206289768219,0.5726069211959839,1.6304665803909302,-0.03926852345466614,0.30695217847824097,1.628631591796875,0.042363084852695465,0.599212646484375,2.282885789871216,-0.3933601975440979,0.3471187949180603,2.28637957572937,-0.2519654631614685,0.6220994591712952,2.913706064224243,-0.11304658651351929,0.39068546891212463,2.9118118286132812,-0.24504129588603973,0.6276581287384033,2.996195077896118,-0.11528495699167252,0.3913183808326721,2.9916200637817383,-0.2585785388946533,0.5956732034683228,3.0976717472076416,-0.7256144285202026,0.42954200506210327,3.0915095806121826,-0.9123989939689636
Slacking,0.47239309549331665,0.5584161281585693,-0.7083348035812378,0.4881138205528259,0.5252816677093506,-0.628616988658905,0.4997837543487549,0.5274065136909485,-0.6286285519599915,0.5115467309951782,0.5303464531898499,-0.628416895866394,0.44822531938552856,0.5262483954429626,-0.645143449306488,0.4321649968624115,0.5297759175300598,-0.6451723575592041,0.4150027334690094,0.5341423749923706,-0.6449967622756958,0.5277987718582153,0.5681627988815308,-0.1936303675174713,0.38278067111968994,0.5729290843009949,-0.2682587802410126,0.4950827658176422,0.623205304145813,-0.5596638321876526,0.4454714357852936,0.6224398016929626,-0.5803207159042358,0.6323564648628235,0.8313004970550537,-0.02164057455956936,0.2816324532032013,0.8149837851524353,-0.16970017552375793,0.8151528239250183,0.46704015135765076,-0.08273975551128387,0.15661241114139557,0.4259602725505829,-0.13975736498832703,0.5634958744049072,0.5393028855323792,0.4885442852973938,0.36801600456237793,0.5189957618713379,0.5975261926651001,0.5225883722305298,0.5476976037025452,0.4622746407985687,0.4291468560695648,0.526267409324646,0.5827091932296753,0.5080728530883789,0.5671436190605164,0.5670181512832642,0.4290033280849457,0.5527202486991882,0.6896301507949829,0.5173803567886353,0.5725464224815369,0.506908655166626,0.41066688299179077,0.5614614486694336,0.6144188642501831,0.5770292282104492,1.6295502185821533,-0.03906887769699097,0.3094872832298279,1.6291450262069702,0.04203208535909653,0.611384391784668,2.2832140922546387,-0.38889288902282715,0.36421698331832886,2.2872653007507324,-0.2376643717288971,0.6420689821243286,2.9144415855407715,-0.12050269544124603,0.41276758909225464,2.9119064807891846,-0.2508141100406647,0.6492806673049927,2.9966859817504883,-0.12486537545919418,0.41206803917884827,2.9929091930389404,-0.26441526412963867,0.6164301633834839,3.0979859828948975,-0.7275968194007874,0.4560503363609314,3.091773748397827,-0.9073750376701355
Slacking,0.4756985604763031,0.5503596663475037,-0.6381622552871704,0.4895760416984558,0.5224176049232483,-0.5617693066596985,0.5003103017807007,0.5255200862884521,-0.5618909597396851,0.5118406414985657,0.5293905138969421,-0.5617470145225525,0.4513874650001526,0.5203202962875366,-0.5733500719070435,0.43604597449302673,0.5227694511413574,-0.5732594728469849,0.4192875325679779,0.526038646697998,-0.573137640953064,0.5279207825660706,0.5682284832000732,-0.14759574830532074,0.38611364364624023,0.5675735473632812,-0.19676554203033447,0.4969562590122223,0.6135671734809875,-0.49859437346458435,0.4479106366634369,0.6102011203765869,-0.5119943618774414,0.632472574710846,0.8289005756378174,-0.018422182649374008,0.28365784883499146,0.8124112486839294,-0.15073148906230927,0.7875350713729858,0.45282799005508423,-0.06558262556791306,0.18373887240886688,0.4224431812763214,-0.13697031140327454,0.565610408782959,0.5484775304794312,0.5404549837112427,0.3756089210510254,0.5330411791801453,0.5492677092552185,0.5265061259269714,0.5576682686805725,0.5139217972755432,0.4335993826389313,0.5412286520004272,0.5302830338478088,0.5117620229721069,0.5765724182128906,0.6140273213386536,0.43252500891685486,0.566056489944458,0.6303769946098328,0.5208831429481506,0.5822715759277344,0.558223307132721,0.4158751368522644,0.5737325549125671,0.562961995601654,0.5835152864456177,1.6277759075164795,-0.040598101913928986,0.31466472148895264,1.6288648843765259,0.04317585751414299,0.6175264120101929,2.279838800430298,-0.39765942096710205,0.36892977356910706,2.286090135574341,-0.20935121178627014,0.6460981369018555,2.9137213230133057,-0.13962770998477936,0.4135829508304596,2.910560131072998,-0.22070613503456116,0.6542524099349976,2.9951071739196777,-0.14548301696777344,0.4114552438259125,2.9908485412597656,-0.23367023468017578,0.6192553043365479,3.0931508541107178,-0.7362455129623413,0.4574396014213562,3.084928035736084,-0.8899279832839966
Slacking,0.47687023878097534,0.5477178692817688,-0.6325985193252563,0.4897964894771576,0.5220240354537964,-0.5608037710189819,0.5004361867904663,0.5254252552986145,-0.5607977509498596,0.5118881464004517,0.5295074582099915,-0.5606228113174438,0.45288634300231934,0.5189921855926514,-0.5722600817680359,0.4382850229740143,0.5212059617042542,-0.5722202062606812,0.4225127100944519,0.5241968035697937,-0.5721803903579712,0.5270287990570068,0.5682717561721802,-0.1592969447374344,0.3891189396381378,0.5661028623580933,-0.20963290333747864,0.4972020983695984,0.6088935136795044,-0.4964471757411957,0.4488500654697418,0.6041082739830017,-0.5099670886993408,0.6304108500480652,0.8236921429634094,-0.019206974655389786,0.28816014528274536,0.806161105632782,-0.15049076080322266,0.7694267630577087,0.43773940205574036,-0.05832988768815994,0.19244781136512756,0.4160671532154083,-0.13690593838691711,0.561165452003479,0.553360104560852,0.5337343215942383,0.3727782368659973,0.5425207018852234,0.5285801887512207,0.5263906717300415,0.5630092620849609,0.5041857957839966,0.4303141236305237,0.549495279788971,0.5070729851722717,0.5106088519096375,0.5814414620399475,0.5937906503677368,0.4282369017601013,0.5734455585479736,0.6085647344589233,0.5186524987220764,0.5866705179214478,0.5454189777374268,0.41109657287597656,0.5806119441986084,0.541961669921875,0.5845884680747986,1.622962474822998,-0.03705946356058121,0.319649338722229,1.626737117767334,0.03954023867845535,0.6186400651931763,2.2700021266937256,-0.3980366587638855,0.3807074725627899,2.2766120433807373,-0.2770712971687317,0.6490564346313477,2.905090093612671,-0.15901485085487366,0.4145875871181488,2.9059691429138184,-0.30943453311920166,0.6563097834587097,2.984018564224243,-0.16583183407783508,0.41179174184799194,2.9878644943237305,-0.32277175784111023,0.6211892366409302,3.0819814205169678,-0.7491847276687622,0.45468491315841675,3.0702168941497803,-0.9486416578292847
Slacking,0.4779812693595886,0.5377288460731506,-0.5949699878692627,0.48982423543930054,0.5179981589317322,-0.5181223750114441,0.5005480647087097,0.522116482257843,-0.5182068943977356,0.511826753616333,0.5270174741744995,-0.5181043148040771,0.45346885919570923,0.5141115188598633,-0.5321816802024841,0.4389798641204834,0.516318678855896,-0.5322267413139343,0.42327722907066345,0.5193019509315491,-0.5322194695472717,0.5253387093544006,0.5683062076568604,-0.11113569885492325,0.38975271582603455,0.5644099116325378,-0.17531076073646545,0.49790769815444946,0.5971583127975464,-0.4592457711696625,0.44996389746665955,0.591974139213562,-0.4765649437904358,0.6301305890083313,0.8227043747901917,0.011786876246333122,0.2880901098251343,0.8061297535896301,-0.14798949658870697,0.7618522047996521,0.4305891692638397,0.04112493246793747,0.1930244117975235,0.4143669903278351,-0.13482382893562317,0.5590509176254272,0.557386040687561,0.6361139416694641,0.37046360969543457,0.5480606555938721,0.5662772059440613,0.5251476764678955,0.5659496188163757,0.6173213720321655,0.42728081345558167,0.5500373840332031,0.5523815751075745,0.5089975595474243,0.5841331481933594,0.698728084564209,0.42588990926742554,0.5777958631515503,0.6375396847724915,0.5169075727462769,0.5902603268623352,0.6471747159957886,0.4089354872703552,0.5850745439529419,0.5748072862625122,0.5862963795661926,1.62337064743042,-0.03574499115347862,0.320693701505661,1.6269526481628418,0.038096506148576736,0.6226452589035034,2.2705202102661133,-0.39156389236450195,0.38352683186531067,2.27761173248291,-0.26391565799713135,0.6545354723930359,2.905367136001587,-0.14379945397377014,0.42046570777893066,2.9058332443237305,-0.2712709605693817,0.6618311405181885,2.9848687648773193,-0.14855387806892395,0.41698533296585083,2.9873733520507812,-0.28628236055374146,0.6281400322914124,3.0801916122436523,-0.7482078075408936,0.46210527420043945,3.069880485534668,-0.9431517720222473
Slacking,0.47790074348449707,0.5336731672286987,-0.5949990749359131,0.48968029022216797,0.5164859890937805,-0.5171128511428833,0.5003939867019653,0.5208736062049866,-0.5171638131141663,0.5114713907241821,0.5261248350143433,-0.5171172618865967,0.45338448882102966,0.5126336812973022,-0.527896523475647,0.4389022886753082,0.5150105357170105,-0.5282106995582581,0.4233691096305847,0.5180920958518982,-0.5283173322677612,0.5248777270317078,0.568558394908905,-0.10694180428981781,0.3903183937072754,0.5643802285194397,-0.15923967957496643,0.49795466661453247,0.5924135446548462,-0.45688343048095703,0.44985684752464294,0.5866068601608276,-0.4707065522670746,0.6300995349884033,0.8229804635047913,0.032443176954984665,0.28877025842666626,0.806613028049469,-0.08674966543912888,0.7584763765335083,0.42837172746658325,0.044222425669431686,0.1959909200668335,0.4165570139884949,-0.012419839389622211,0.556288480758667,0.5597131252288818,0.6191869974136353,0.37115901708602905,0.5510004758834839,0.7061384916305542,0.5228595733642578,0.5678468942642212,0.5988392233848572,0.4263133108615875,0.55390465259552,0.6974480748176575,0.506938099861145,0.5845505595207214,0.6723958253860474,0.4244840145111084,0.5799585580825806,0.7836411595344543,0.5144177675247192,0.5923860669136047,0.6273616552352905,0.40813177824020386,0.5880139470100403,0.7165685892105103,0.5846865773200989,1.6315902471542358,-0.03620314598083496,0.32068219780921936,1.6304930448532104,0.03844131529331207,0.6186633110046387,2.272900104522705,-0.3941899240016937,0.38089436292648315,2.2782580852508545,-0.30423858761787415,0.6535744667053223,2.9054670333862305,-0.16763554513454437,0.4171527922153473,2.9109559059143066,-0.32575902342796326,0.6605475544929504,2.9855172634124756,-0.17110903561115265,0.4145280718803406,2.9955384731292725,-0.3403864800930023,0.6259084343910217,3.0811727046966553,-0.7421849370002747,0.4580000936985016,3.072380781173706,-0.9491115808486938
Slacking,0.47797030210494995,0.5361766219139099,-0.6269592046737671,0.48964133858680725,0.5174074769020081,-0.5500682592391968,0.5001300573348999,0.5223243832588196,-0.5500969290733337,0.5106896162033081,0.5280545353889465,-0.5500303506851196,0.45371055603027344,0.512968122959137,-0.5619637966156006,0.4395555853843689,0.5154907703399658,-0.5621351003646851,0.4243193566799164,0.5186766386032104,-0.5621978640556335,0.5198951959609985,0.5706642270088196,-0.12890306115150452,0.3909120559692383,0.5647498369216919,-0.1814778447151184,0.4978477358818054,0.5956937670707703,-0.48449039459228516,0.44995778799057007,0.5902321338653564,-0.49958962202072144,0.624524712562561,0.8180533647537231,0.02219931036233902,0.292059987783432,0.8067962527275085,-0.09460699558258057,0.763149082660675,0.4483709931373596,-0.025136802345514297,0.19094344973564148,0.42747166752815247,-0.048686377704143524,0.5538252592086792,0.5650109648704529,0.552340567111969,0.3688291013240814,0.5513238906860352,0.5713037848472595,0.5175704956054688,0.5716703534126282,0.5448974967002869,0.423677533864975,0.5561269521713257,0.547596275806427,0.5009863972663879,0.5920692086219788,0.6107403635978699,0.4221213757991791,0.5815876126289368,0.6396335363388062,0.5090447068214417,0.5990999341011047,0.5599967837333679,0.4058893322944641,0.5888488292694092,0.5862513184547424,0.5817967057228088,1.632120966911316,-0.033655691891908646,0.32334595918655396,1.6310335397720337,0.03556171804666519,0.6182267069816589,2.2674834728240967,-0.3948131203651428,0.3844298720359802,2.2659738063812256,-0.40046992897987366,0.650542140007019,2.8916189670562744,-0.1995604932308197,0.42401981353759766,2.905642509460449,-0.4350124001502991,0.6578519344329834,2.970332622528076,-0.20453675091266632,0.425367534160614,2.991957187652588,-0.44977205991744995,0.6220690011978149,3.0708818435668945,-0.7529913187026978,0.45667439699172974,3.065904378890991,-1.0276774168014526
Slacking,0.47955721616744995,0.539351224899292,-0.7058681845664978,0.48988309502601624,0.5247606039047241,-0.6294375061988831,0.5001755952835083,0.5300253629684448,-0.6293720602989197,0.5105468034744263,0.5356923937797546,-0.6294478178024292,0.4550148546695709,0.5202080011367798,-0.6461395025253296,0.4410334527492523,0.5230742692947388,-0.6463823318481445,0.4258531630039215,0.5267577767372131,-0.6467568874359131,0.5168681144714355,0.5760249495506287,-0.1861201375722885,0.3918328583240509,0.5722653269767761,-0.2613597512245178,0.4981611371040344,0.5967488884925842,-0.5477124452590942,0.45159798860549927,0.5911862254142761,-0.5702496767044067,0.6229097843170166,0.8185977339744568,0.016216706484556198,0.29199784994125366,0.812163770198822,-0.10615324974060059,0.7829641699790955,0.4790973365306854,-0.026501217857003212,0.17574122548103333,0.44502246379852295,-0.06968516856431961,0.5538130402565002,0.5707131028175354,0.5460066795349121,0.3665952682495117,0.5712368488311768,0.5245810747146606,0.5153610110282898,0.5777509212493896,0.5442761778831482,0.42279496788978577,0.5768705606460571,0.506970226764679,0.4998008608818054,0.5996488332748413,0.6298945546150208,0.4207342267036438,0.6002895832061768,0.6117825508117676,0.5076376795768738,0.6055175065994263,0.5624845623970032,0.4040822386741638,0.605729877948761,0.5473248958587646,0.5809988975524902,1.637794852256775,-0.026856157928705215,0.32571476697921753,1.6357779502868652,0.028592761605978012,0.6174367666244507,2.2656707763671875,-0.36906421184539795,0.38263753056526184,2.2651188373565674,-0.3502660393714905,0.6486221551895142,2.8724796772003174,-0.1874299794435501,0.4223511815071106,2.899829864501953,-0.36169061064720154,0.6565727591514587,2.949509620666504,-0.18392063677310944,0.42552193999290466,2.985658884048462,-0.37483352422714233,0.6209529638290405,3.058943033218384,-0.6741476058959961,0.45573848485946655,3.064242362976074,-0.9810476303100586
Slacking,0.4811604619026184,0.5492280125617981,-0.737017035484314,0.4906795918941498,0.5341103076934814,-0.6591208577156067,0.5004183650016785,0.5393133759498596,-0.6590176820755005,0.5105611085891724,0.5445548892021179,-0.6591570377349854,0.45647668838500977,0.530057966709137,-0.6760103702545166,0.44255906343460083,0.5331422686576843,-0.6761449575424194,0.4272751808166504,0.5370185375213623,-0.6765622496604919,0.5164889097213745,0.581017255783081,-0.20750418305397034,0.3929220736026764,0.5774644017219543,-0.28179457783699036,0.4984901547431946,0.6017409563064575,-0.574543833732605,0.4526905417442322,0.5977554321289062,-0.597209632396698,0.6216681003570557,0.8190917372703552,0.01766502857208252,0.2926568388938904,0.8135279417037964,-0.10732945054769516,0.7991753220558167,0.5095611214637756,-0.02274497225880623,0.1648961752653122,0.4717305898666382,-0.039884574711322784,0.5551510453224182,0.5738862156867981,0.5819159746170044,0.365308940410614,0.5743362307548523,0.5527137517929077,0.5170663595199585,0.5798268914222717,0.587958812713623,0.4238784909248352,0.5788394212722778,0.5368320345878601,0.5015507936477661,0.6017184853553772,0.6780007481575012,0.42113780975341797,0.6013242602348328,0.647386908531189,0.5092340707778931,0.6080867052078247,0.6005556583404541,0.4034080505371094,0.6068841218948364,0.5782765746116638,0.577803373336792,1.6381213665008545,-0.023692987859249115,0.325424462556839,1.6357697248458862,0.025553658604621887,0.6134083867073059,2.2595975399017334,-0.36895811557769775,0.381503164768219,2.2595388889312744,-0.3294838070869446,0.645693838596344,2.8594706058502197,-0.17052872478961945,0.42128339409828186,2.8872461318969727,-0.3542497754096985,0.6493996977806091,2.9369513988494873,-0.16979339718818665,0.4233030378818512,2.9742181301116943,-0.3703687787055969,0.6198334097862244,3.0500030517578125,-0.6792129874229431,0.45118409395217896,3.053757905960083,-0.9613085985183716
Slacking,0.4811166822910309,0.5538749694824219,-0.7690312266349792,0.4907104969024658,0.5382019281387329,-0.6915181279182434,0.5004159808158875,0.5432770252227783,-0.6914548873901367,0.5103543996810913,0.5482292771339417,-0.6915846467018127,0.45644474029541016,0.534796416759491,-0.7080536484718323,0.44246435165405273,0.538003146648407,-0.708187997341156,0.4271176755428314,0.54192715883255,-0.7085365653038025,0.5160187482833862,0.5831214785575867,-0.23675520718097687,0.3928760886192322,0.5800349712371826,-0.3104717433452606,0.49847373366355896,0.6043458580970764,-0.6054021120071411,0.45262375473976135,0.6010769009590149,-0.6275662183761597,0.6203917264938354,0.8194652199745178,0.013374949805438519,0.29257017374038696,0.8158060908317566,-0.11871503293514252,0.8063267469406128,0.5243650078773499,-0.03383966535329819,0.16040736436843872,0.48130887746810913,-0.046109966933727264,0.5562354922294617,0.5748733878135681,0.5556297302246094,0.3645229935646057,0.576533854007721,0.5479872822761536,0.5174811482429504,0.579973042011261,0.5520118474960327,0.42366552352905273,0.5805904269218445,0.5348260402679443,0.5022605061531067,0.6018962860107422,0.643473207950592,0.42055997252464294,0.6031587719917297,0.6443284153938293,0.5100065469741821,0.6082066893577576,0.5729907751083374,0.40268048644065857,0.6086629629135132,0.5769342184066772,0.5751539468765259,1.6394461393356323,-0.02238060161471367,0.3251810669898987,1.636642336845398,0.024239355698227882,0.611549973487854,2.2605435848236084,-0.3515157401561737,0.3809144198894501,2.260878801345825,-0.3238816261291504,0.6450713872909546,2.8611409664154053,-0.13125380873680115,0.41990774869918823,2.8880016803741455,-0.3481358587741852,0.6470679640769958,2.9387779235839844,-0.12998220324516296,0.42303115129470825,2.975167989730835,-0.3606073260307312,0.618767499923706,3.0520095825195312,-0.6542125940322876,0.4433678090572357,3.054439067840576,-0.9355589151382446
Slacking,0.4810805320739746,0.5569228529930115,-0.7875837087631226,0.49073654413223267,0.5408254861831665,-0.7127873301506042,0.5004331469535828,0.5458887219429016,-0.7126590013504028,0.5102819204330444,0.5507518649101257,-0.7127354145050049,0.45646172761917114,0.5374904274940491,-0.7304962873458862,0.44249415397644043,0.5406247973442078,-0.7306012511253357,0.42721977829933167,0.5444279909133911,-0.7309294939041138,0.5156819820404053,0.5854475498199463,-0.26653969287872314,0.3932141363620758,0.5815942883491516,-0.3448495864868164,0.498464971780777,0.6064354181289673,-0.6262313723564148,0.452584832906723,0.6031831502914429,-0.6495101451873779,0.6206263899803162,0.8200340270996094,-0.014324596151709557,0.2924545407295227,0.8165885210037231,-0.16846244037151337,0.8064112663269043,0.5250251293182373,-0.06257107108831406,0.15359225869178772,0.4830631911754608,-0.13681979477405548,0.5575348138809204,0.576341986656189,0.546891450881958,0.36390846967697144,0.5774614810943604,0.44899049401283264,0.518256664276123,0.5811010003089905,0.5507090091705322,0.42285022139549255,0.5834857225418091,0.4349498152732849,0.503044843673706,0.6025192141532898,0.6451593637466431,0.41992735862731934,0.6048136949539185,0.5521411299705505,0.510741114616394,0.6087518334388733,0.5663868188858032,0.4021124243736267,0.6094512343406677,0.4768056869506836,0.5730663537979126,1.639503002166748,-0.01980755850672722,0.325072705745697,1.636687159538269,0.021569786593317986,0.6071299314498901,2.2611498832702637,-0.33823102712631226,0.3804740905761719,2.26179575920105,-0.2759837210178375,0.6432694792747498,2.8615047931671143,-0.1111617311835289,0.4147931635379791,2.8885068893432617,-0.3168584704399109,0.6444803476333618,2.9389939308166504,-0.1097940057516098,0.4193759858608246,2.9754154682159424,-0.3334105610847473,0.6185994744300842,3.0530219078063965,-0.6301215887069702,0.43430763483047485,3.055036783218384,-0.8814689517021179
Slacking,0.4812081456184387,0.5590362548828125,-0.7716845273971558,0.49081486463546753,0.5413573384284973,-0.7058390974998474,0.500453770160675,0.5464417338371277,-0.7055781483650208,0.510169506072998,0.5512358546257019,-0.7057877779006958,0.4567338526248932,0.5375336408615112,-0.7233388423919678,0.44275134801864624,0.5405229926109314,-0.7234376668930054,0.42743030190467834,0.5443035364151001,-0.7236582040786743,0.5148330926895142,0.5856544375419617,-0.2599678933620453,0.39319536089897156,0.5808104276657104,-0.32991474866867065,0.498342365026474,0.6108515858650208,-0.611117422580719,0.4525326192378998,0.6054969429969788,-0.6488858461380005,0.6197198629379272,0.8201501369476318,-0.01423916220664978,0.29157477617263794,0.8160344362258911,-0.1735924929380417,0.8058152198791504,0.5202946662902832,-0.06567182391881943,0.15348079800605774,0.47316300868988037,-0.1575891077518463,0.5580335855484009,0.5752020478248596,0.5434862971305847,0.36362072825431824,0.5693208575248718,0.46132874488830566,0.5180505514144897,0.5803739428520203,0.5407983064651489,0.42119795083999634,0.5744274854660034,0.4461174011230469,0.5031057596206665,0.6014988422393799,0.6328789591789246,0.41871100664138794,0.5981562733650208,0.5592601299285889,0.510621190071106,0.6075103282928467,0.5603752136230469,0.4005421996116638,0.603979766368866,0.4854767918586731,0.5709548592567444,1.6383498907089233,-0.01890823245048523,0.32498055696487427,1.6367136240005493,0.020635301247239113,0.6066449880599976,2.2574045658111572,-0.3412570655345917,0.3799137771129608,2.2590126991271973,-0.34365883469581604,0.6428832411766052,2.8604140281677246,-0.1500415802001953,0.41764312982559204,2.888902425765991,-0.3904529809951782,0.6445706486701965,2.9370455741882324,-0.15146715939044952,0.42291364073753357,2.975419521331787,-0.40541863441467285,0.6176961660385132,3.053358793258667,-0.6523953080177307,0.4393137991428375,3.0562331676483154,-0.9513924717903137
Slacking,0.4811883866786957,0.5587357878684998,-0.7643002271652222,0.49083834886550903,0.5388747453689575,-0.692482054233551,0.5004714727401733,0.5434213280677795,-0.6923307180404663,0.5101777911186218,0.5478351712226868,-0.692436158657074,0.4563111662864685,0.5361272096633911,-0.7092334032058716,0.44200658798217773,0.5395416617393494,-0.709366500377655,0.42631182074546814,0.5436914563179016,-0.7095662951469421,0.5160319209098816,0.5830573439598083,-0.2508450448513031,0.39150160551071167,0.5807573795318604,-0.3211238980293274,0.49856963753700256,0.6112390756607056,-0.6058650016784668,0.452497661113739,0.6074381470680237,-0.635172426700592,0.6241651773452759,0.8215991854667664,-0.043738361448049545,0.29026180505752563,0.8187540173530579,-0.17305371165275574,0.8051990270614624,0.4807893633842468,-0.14930331707000732,0.1576448380947113,0.4455362856388092,-0.18137608468532562,0.5579103231430054,0.5517069101333618,0.39636823534965515,0.3648870885372162,0.5491622686386108,0.4863148629665375,0.5182511210441589,0.566798985004425,0.372127503156662,0.4218980669975281,0.559714138507843,0.46704021096229553,0.5033771395683289,0.5850194096565247,0.4763791561126709,0.4208439886569977,0.5851777791976929,0.5902224779129028,0.5110276937484741,0.586883544921875,0.41668906807899475,0.4031285345554352,0.5894141793251038,0.5111308693885803,0.5778175592422485,1.6537377834320068,-0.024467451497912407,0.32646116614341736,1.6589856147766113,0.02633993700146675,0.6204632520675659,2.2890119552612305,-0.36825957894325256,0.38257113099098206,2.2810659408569336,-0.3894038796424866,0.6539585590362549,2.9023196697235107,-0.15018002688884735,0.44010359048843384,2.918534755706787,-0.3872496485710144,0.6573739647865295,2.9821295738220215,-0.15183426439762115,0.4463801980018616,3.0039350986480713,-0.398776650428772,0.6272951364517212,3.0919764041900635,-0.7010529041290283,0.4682775139808655,3.093419075012207,-0.9865099191665649
Slacking,0.4811672568321228,0.5601754784584045,-0.6765512228012085,0.4912020266056061,0.5385178327560425,-0.6009367108345032,0.5008635520935059,0.5428273677825928,-0.6007928848266602,0.5106984376907349,0.5469875931739807,-0.6006513833999634,0.45628485083580017,0.5356549024581909,-0.6171470880508423,0.4418417513370514,0.538748562335968,-0.6172633767127991,0.42587146162986755,0.5422843098640442,-0.6173456907272339,0.5170809030532837,0.5829946994781494,-0.17814235389232635,0.3907272219657898,0.5773985981941223,-0.24980148673057556,0.4984723925590515,0.6180986762046814,-0.5299819707870483,0.4515933096408844,0.6126376390457153,-0.552392840385437,0.6239150762557983,0.824933648109436,-0.025761043652892113,0.280684232711792,0.8169072270393372,-0.1482093781232834,0.7823432683944702,0.44929760694503784,-0.14348098635673523,0.1577327847480774,0.4268817901611328,-0.17920395731925964,0.5538703203201294,0.5258523225784302,0.40142661333084106,0.3629055321216583,0.5163730978965759,0.5125343799591064,0.5174063444137573,0.5362794399261475,0.3956935405731201,0.41430163383483887,0.5258388519287109,0.4944764971733093,0.5029861330986023,0.5602145791053772,0.5058932304382324,0.41644397377967834,0.5571364164352417,0.6044343709945679,0.5108227133750916,0.5637906789779663,0.43574127554893494,0.3995895981788635,0.5632753372192383,0.5304920673370361,0.5737411975860596,1.6576817035675049,-0.02563762664794922,0.3120165467262268,1.6611582040786743,0.027570407837629318,0.6067818999290466,2.296893358230591,-0.3629097044467926,0.36722368001937866,2.2939915657043457,-0.3136495053768158,0.6242527961730957,2.9191086292266846,-0.13905423879623413,0.40112239122390747,2.9257876873016357,-0.34926778078079224,0.6267560124397278,3.000098943710327,-0.14311471581459045,0.3995118737220764,3.010977029800415,-0.3641599118709564,0.5985819101333618,3.106851816177368,-0.7004331946372986,0.4372829794883728,3.0993504524230957,-0.9756595492362976
Slacking,0.47899729013442993,0.5977952480316162,-0.6717520952224731,0.49144721031188965,0.5554016828536987,-0.5844060778617859,0.5015872716903687,0.5576866269111633,-0.5841997861862183,0.5121227502822876,0.5600900650024414,-0.5840321779251099,0.4545573592185974,0.5544559955596924,-0.603821873664856,0.4382462501525879,0.556475043296814,-0.6037108898162842,0.4210677742958069,0.5586461424827576,-0.6037477850914001,0.5203337073326111,0.5887105464935303,-0.13321992754936218,0.38924649357795715,0.5828979015350342,-0.21732847392559052,0.49780330061912537,0.6563750505447388,-0.5150562524795532,0.4479540288448334,0.6530759930610657,-0.5407955646514893,0.623505711555481,0.8375967144966125,0.04925268515944481,0.2762697637081146,0.8217695951461792,-0.04398804530501366,0.7886749505996704,0.5140595436096191,-0.04281052201986313,0.11867538839578629,0.5254046320915222,-0.021726133301854134,0.5621955394744873,0.47034332156181335,0.40838828682899475,0.32112303376197815,0.44795623421669006,0.5377361178398132,0.5182644128799438,0.452243834733963,0.3906252384185791,0.3746550977230072,0.43189823627471924,0.5048121213912964,0.5075656175613403,0.4719470739364624,0.5024834871292114,0.38088393211364746,0.4536084532737732,0.6236022710800171,0.5186581015586853,0.49067652225494385,0.43502265214920044,0.3667985796928406,0.4776245057582855,0.5595254302024841,0.5621987581253052,1.6546053886413574,-0.04278791695833206,0.30129727721214294,1.649465560913086,0.04602893441915512,0.5724501609802246,2.2957985401153564,-0.40626412630081177,0.3465130925178528,2.293471336364746,-0.27892181277275085,0.5775758028030396,2.916781425476074,-0.1725807785987854,0.35467973351478577,2.923557996749878,-0.34492823481559753,0.58396315574646,3.00079345703125,-0.1819438636302948,0.35396328568458557,3.0088493824005127,-0.3594018816947937,0.5401719212532043,3.1041386127471924,-0.7859851717948914,0.37151235342025757,3.0978407859802246,-0.9833272099494934
Slacking,0.4800809919834137,0.6242258548736572,-0.6331391930580139,0.4944528639316559,0.5680066347122192,-0.5599109530448914,0.5055583119392395,0.5688257217407227,-0.5597294569015503,0.5174461603164673,0.5700075030326843,-0.5594897866249084,0.45455068349838257,0.5675557255744934,-0.5564692616462708,0.43764299154281616,0.568365216255188,-0.5559345483779907,0.41949015855789185,0.5692321062088013,-0.5558714866638184,0.5252853631973267,0.5901656746864319,-0.15017059445381165,0.3877071440219879,0.5841603875160217,-0.14440663158893585,0.4987834095954895,0.6788930296897888,-0.49171456694602966,0.44786304235458374,0.6783760786056519,-0.48821839690208435,0.6236327886581421,0.8377228379249573,0.002032122341915965,0.2762743830680847,0.8329287767410278,0.0714166983962059,0.8248305320739746,0.8900192975997925,-0.41699671745300293,0.06457693874835968,0.8176294565200806,-0.30946478247642517,0.7234448790550232,0.47569164633750916,-0.6341390609741211,0.17414754629135132,0.44036293029785156,-0.7499175071716309,0.6855273842811584,0.4455013871192932,-0.7347301244735718,0.21991348266601562,0.378158301115036,-0.870193600654602,0.6662550568580627,0.4455889165401459,-0.6066871881484985,0.24229636788368225,0.3843327760696411,-0.742920994758606,0.6622165441513062,0.4769434928894043,-0.6046757102012634,0.2365456074476242,0.4159802496433258,-0.73009192943573,0.559998631477356,1.635913372039795,-0.08526196330785751,0.3022429049015045,1.6304184198379517,0.09020798653364182,0.5502468347549438,2.2951431274414062,-0.41137298941612244,0.3268642723560333,2.292968511581421,-0.0843292623758316,0.5443198680877686,2.9148263931274414,-0.16830000281333923,0.3238717019557953,2.9181363582611084,-0.11508099734783173,0.5527806878089905,2.9986114501953125,-0.17769737541675568,0.3206165134906769,3.0028305053710938,-0.13359524309635162,0.5009465217590332,3.100353956222534,-0.7748395800590515,0.3363400995731354,3.096790075302124,-0.7294383645057678
